/*
SQLyog Ultimate v11.24 (64 bit)
MySQL - 5.5.17 : Database - hai_admin
*********************************************************************
*/

/*!40101 SET NAMES utf8 */;

/*!40101 SET SQL_MODE=''*/;

/*!40014 SET @OLD_UNIQUE_CHECKS=@@UNIQUE_CHECKS, UNIQUE_CHECKS=0 */;
/*!40014 SET @OLD_FOREIGN_KEY_CHECKS=@@FOREIGN_KEY_CHECKS, FOREIGN_KEY_CHECKS=0 */;
/*!40101 SET @OLD_SQL_MODE=@@SQL_MODE, SQL_MODE='NO_AUTO_VALUE_ON_ZERO' */;
/*!40111 SET @OLD_SQL_NOTES=@@SQL_NOTES, SQL_NOTES=0 */;
CREATE DATABASE /*!32312 IF NOT EXISTS*/`hai_admin` /*!40100 DEFAULT CHARACTER SET utf8 */;

USE `hai_admin`;

/*Table structure for table `admin` */

DROP TABLE IF EXISTS `admin`;

CREATE TABLE `admin` (
  `user_id` int(11) unsigned NOT NULL AUTO_INCREMENT COMMENT '用户的自增id',
  `username` varchar(64) NOT NULL DEFAULT '' COMMENT '用户名',
  `password` varchar(64) NOT NULL DEFAULT '' COMMENT '密码',
  `name` varchar(64) NOT NULL DEFAULT '' COMMENT '姓名',
  `code` varchar(64) NOT NULL DEFAULT '' COMMENT '工号',
  `sex` varchar(4) NOT NULL DEFAULT '' COMMENT '性别：’男’、’女’',
  `dept` varchar(64) NOT NULL DEFAULT '' COMMENT '部门',
  `position` varchar(64) NOT NULL DEFAULT '' COMMENT '职务',
  `mobile` varchar(64) NOT NULL DEFAULT '' COMMENT '手机',
  `email` varchar(64) NOT NULL DEFAULT '' COMMENT '邮箱',
  `reg_time` datetime NOT NULL DEFAULT '1000-01-01 00:00:00' COMMENT '注册时间',
  `state` tinyint(4) NOT NULL DEFAULT '1' COMMENT '数据状态: 1,启用 2,禁用 3,删除。枚举:com.haiegoo.commons.enums.State',
  PRIMARY KEY (`user_id`),
  UNIQUE KEY `uqe_username` (`username`),
  UNIQUE KEY `uqe_code` (`code`),
  KEY `idx_state` (`state`)
) ENGINE=InnoDB AUTO_INCREMENT=706 DEFAULT CHARSET=utf8 ROW_FORMAT=COMPACT COMMENT='后台管理系统登录用户表';

/*Data for the table `admin` */

insert  into `admin`(`user_id`,`username`,`password`,`name`,`code`,`sex`,`dept`,`position`,`mobile`,`email`,`reg_time`,`state`) values (1,'admin','ceb4f32325eda6142bd65215f4c0f371','管理员','000','男','','','','cywhoyi@gmail.com','2014-04-14 19:15:19',1),(2,'linpn','df75fbe37723776f9de6d768bb17087a','林丕念','140','男','技术部','职员','15925668611','lpn5200@qq.com','2014-03-02 20:42:46',1),(12,'issac','bb5cd638f2b858c4fa14763e43e76d4f','王廷廷','12','','','','','tingting.wang@kadang-inc.com','2007-05-22 16:35:45',1),(142,'langfeng.zhang(142|已删除)','bb12eef92ab848f76efe5c0ace8e4f49','张朗峰','68','','','','','langfeng.zhang@kadang-inc.com','2014-03-02 20:43:46',3),(152,'qin.fang','55f26a371dd741cc58a43cd3e4861f8c','方琴','152','','','','','qin.fang@kadang-inc.com','2007-05-28 10:06:33',1),(172,'kd_rnd','7455231b31f12e4691b7ca784de017c6','研发组','172','','','','','rnd@kadang-inc.com','2007-05-28 10:07:31',1),(216,'joeke','3c4d7e59416727e1e9d8e103ec8f44c6','蒋理辉','216','','','','','lihui.jiang@kadang-inc.com','2007-08-13 15:35:36',1),(236,'ting.lu','9f25cf95cb883f0f33ef4cd838516a3b','陆婷','236','女','','','15068863733','ting.lu@kadang-inc.com','2008-08-01 17:45:54',1),(237,'xueqiang.fang','aab150ebe3bc7eadadd65cf0c378cf2d','方雪强','237','','','','','xueqiang.fang@kadang-inc.com','2008-08-12 12:46:25',1),(267,'dongmei.li','4b9cb6c6722f12190cbb3a516f2c48c0','李冬梅','267','','','','','dongmei.li@kadang-inc.com','2009-10-13 08:51:46',1),(269,'jianfei.shen','fe5362cee9f260ae3d92f30ab54a6979','沈建飞','269','','','','','jianfei.shen@kadang-inc.com','2009-10-26 08:42:05',1),(271,'chen.xu','aca37b6aa089899e8a75335a72cfd03a','徐琛','271','','','','','chen.xu@kadang-inc.com','2009-12-29 13:17:36',1),(274,'yan.han','fd3e5f4437583b180703db806f00e542','韩雁','274','','','','','yan.han@kadang-inc.com','2010-03-22 11:13:45',1),(277,'huiqing.yan','37c2ba96f526f5d5cb9f0d8d3c60a41e','颜惠清','277','','','','','huiqin.yan@kadang-inc.com','2010-04-13 13:30:26',1),(278,'jianbo.shen','34488d7cbbd8768d3f8d73bc12f0142c','沈建波','278','','','','','jianbo.shen@kadang-inc.com','2010-04-13 13:31:19',1),(280,'qingxian.li(280|已删除)','764b6acf6e28c061ff07e473aefd54cf','李庆险','280','男','','职员','','qinxian.li@kadang-inc.com','2010-05-25 10:24:18',1),(282,'xinghua','c9b97a0cf1564f741706ab196fcf1d2c','吴杰','282','','','','','515630771@qq.com','2010-06-10 11:52:39',1),(286,'zhangzhi.lei','74f2396be7a7d11fa2fba61a580bbd9a','雷张志','286','','','','','zhangzhi.lei@kadang-inc.com','2010-07-12 11:05:39',1),(288,'baozhi','4fdad36b23a8a3836904d12a0bc0a650','代发报纸','288','','','','','qingxian.li@kadang-inc.com','2010-08-04 13:28:54',1),(292,'yao.chen(292|已删除)','aa2fac08f253309f50fabef545380f4f','陈瑶','292','','','','','yao.chen@kadang-inc.com','2010-10-18 16:41:04',1),(299,'jinyi.shen','1b33b281672d5856881744706fc1b132','沈金艺','027','','','','','jinyi.shen@kadang-inc.com','2010-10-26 09:53:17',1),(302,'jie.sun(302|已删除)','56fdef0f5d8325f03402ab883500e547','孙洁','302','','','','','jie.sun@kadang-inc.com','2010-10-28 10:03:09',1),(308,'huawo','49bd8889575ba5a6b69da3c5b2df9c82','华沃激光','308','','','','','qingxian.li@kadang-inc.com','2010-12-23 14:17:55',1),(310,'lingyan.wang','0b03b92096852c6455b4fd5d919f84f5','汪玲燕','310','','','','','dongmei.li@kadang-inc.com','2011-02-11 09:54:08',1),(311,'jialian.tian','92d2472e9b560181842152e57499851f','田家莲','311','女','','职员','','dongmei.li@kadang-inc.com','2011-02-11 09:55:58',1),(315,'shuhong.zhao(315|已删除)','e0dc55542b25142ec0f3f88b24c90d09','赵书红','315','','','','','shuhong.zhao@kadang-inc.com','2011-03-01 09:13:07',1),(316,'jiajuan.chen','53f1c8ed93dae8544ddefedf924da927','陈佳娟','316','','','','','jiajuan.chen@kadang-inc.com','2011-03-01 09:13:50',1),(317,'luying.cai','c5d746077c0f489d5b1b901bf037ccc5','蔡鲁英','317','','','','','luying.cai@kadang-inc.com','2011-03-01 09:14:56',1),(321,'rongxiang.chen','beab00f586690d89469c4263fbf63f4f','陈荣祥','321','','','','','rongxiang.chen@kadang-inc.com','2011-03-01 15:06:19',1),(322,'can.li','eb3b064bf7f51a8c1e464572149c0221','李灿','322','','','','','can.li@kadang-inc.com','2011-03-01 15:07:05',1),(323,'yu.ma','b00944e0eef0f68b4726725acb2f93ab','马豫','038','','','','','yu.ma@kadang-inc.com','2011-03-04 13:38:30',1),(324,'shuizhonghua','7e46373ae0147a2cb0b53d16d7d3ca70','水中花','324','','','','','qingxian.li@kadang-inc.com','2011-03-07 11:00:59',1),(328,'xiaohong.hu','2c6b2f9ddb12c2ebaf07919d8165a6e6','胡肖虹','328','','','','','xiaohong.hu@kadang-inc.com','2011-03-09 12:40:50',1),(330,'jing.gong','04a0703ba73d1a9ba219af37c65521ff','龚静','330','','','','','jing.gong@kadang-inc.com','2011-03-21 14:39:41',1),(332,'sunmeta','e28d5692c56f364bd75dc0bc97da42cd','义乌尚美特','332','','','','','tingting.wang@kadang-inc.com','2011-04-14 10:39:07',1),(333,'hongmin.zhang','3afde961170d73b34b4c77a89e728228','张洪敏','333','','','','','hongmin.zhang@kadang-inc.com','2011-04-18 17:04:28',1),(336,'baiwei','c889c46726f4fc2c9187f4ddce43044a','百威','336','','','','','hzbw3500@163.com','2011-05-09 16:21:14',1),(338,'zuda.zhu','b7a737ffb9d2627b54a9a0290980cc54','朱祖达','338','','','','','zuda.zhu@kadang-inc.com','2011-05-16 12:59:59',1),(339,'tengjia.chen','1182fdd93cd13b226e5ad637d4b7d5e7','陈腾佳','339','','','','','tengjia.chen@kadang-inc.com','2011-05-16 16:10:37',1),(340,'dongjie.zhang','f166c8ad327e1f24641e960ee1dbf28d','章东婕','340','','','','','dongjie.zhang@kadang-inc.com','2011-05-24 15:19:08',1),(341,'nan.xu','31ab8e3cd241ebacc856233f91fc21ad','徐楠','341','','','','','nan.xu@kadang-inc.com','2011-05-27 15:49:26',1),(342,'xiaoxiao.hou','d646eb01546518cce1ff2cf413888a1e','侯笑笑','342','','','','','lingyan.wang@kadang-inc.com','2011-05-31 15:51:28',1),(343,'smt_xhz','91d07e999e2807da1480cc2cd531fea9','徐华增','343','','','','','1634271928@qq.com','2011-06-01 10:00:06',1),(344,'smt_yzc','e674e186e84c5af9581113509fbc65ad','俞浙春','344','','','','','1634271928@qq.com','2011-06-01 10:00:52',1),(345,'yucheng.tong','bc635cec4b4a81d6fff44f144aa39b64','童玉诚','345','女','','职员','','qingxian.li@kadang-inc.com','2011-06-13 13:35:22',1),(348,'weijun.tang','ce914141c9c6c3b69f1394b2cca83574','唐维君','348','','','','','weijun.tang@kadang-inc.com','2011-07-05 14:22:01',1),(352,'dan.xu','35fc7cd59cf41bf09564b94c73eb1ff0','徐丹','352','','','','','dan.xu@kadang-inc.com','2011-07-06 15:16:20',1),(354,'fangfang.he','2f33dbd3b0c2fb0501275c3a555e69cb','何肪枋','354','','','','','fangfang.he@kadang-inc.com','2011-07-07 19:24:28',1),(356,'yuwenqin','09239a63da1878e340ab833cbfc1ee90','余文钦','356','','','','','qingxian.li@kadang-inc.com','2011-07-14 13:58:25',1),(357,'lingchao.wang','93c1cea0269b6c76155e9a9cd3ae7fb1','王凌超','357','','','','','lingchao.wang@kadang-inc.com','2011-07-18 10:12:39',1),(362,'lrbb','50dedb4306ae5d069130ab5d66490ff0','恋人宝贝','362','','','','','qingxian.li@kadang-inc.com','2011-08-05 12:33:05',1),(363,'heijie','f6faef49f046fed10f704bd2f970a991','黑戒','363','','','','','qingxian.li@kadang-inc.com','2011-08-11 13:14:42',1),(364,'kefu1','aa82ec917b6288d628870800582ee25a','客服临时工1','364','','','','','yao.chen@kadang-inc.com','2011-08-12 15:31:20',1),(365,'kefu2','76251912920b907cbd183eba767c492a','客服临时工2','365','','','','','yao.chen@kadang-inc.com','2011-08-12 15:32:03',1),(366,'kefu3','312eee70159233142594255b70d71008','客服临时工3','366','','','','','yao.chen@kadang-inc.com','2011-08-12 15:32:37',1),(367,'kefu4','633e5b8b0fff15b82e68e58e59db796f','客服临时工4','367','','','','','yao.chen@kadang-inc.com','2011-08-12 15:33:15',1),(369,'huina.wang','beb44bfe0244688da6d2c62950b00c87','王惠娜','369','','','','','huina.wang@kadang-inc.com','2011-09-13 15:54:55',1),(370,'youjun.hu','964c81a78970cf2592d853ed3a7ce72b','胡幼君','370','','','','','youjun.hu@kadang-inc.com','2011-09-13 15:55:46',1),(371,'canfei.ye','106b4b60ce150b2aebb8239d543c77c9','叶灿飞','371','','','','','canfei.ye@kadang-inc.com','2011-09-15 16:45:00',1),(372,'yanfei.lu','e17d38a21d1ebf61ef5cd05715c02b16','陆燕飞','372','','','','','yanfei.lu@kadang-inc.com','2011-09-19 10:31:56',1),(377,'linjiang.jin','521769c4d3daadbed402d7efe4098837','金林江','377','','','','','linjiang.jin@kadang-inc.com','2011-09-28 16:58:18',1),(378,'rnd_test','aba51c4439b87bb634d8f9e396a77ac5','技术部测试专用','378','','','','','kunxiao.cai@kadang-inc.com','2011-09-30 15:33:22',1),(382,'yuxia.ruan','f6208b1842bfa1ba62e532c9185c29b8','阮玉霞','382','女','','','','yuxia.ruan@kadang-inc.com','2011-10-15 14:37:18',1),(386,'haiqin.wu','c63369d086fc1541198b752fc991df9f','吴海琴','386','','','','','haiqin.wu@kadang-inc.com','2011-10-25 12:34:29',1),(388,'caizhen.yuan','2a6e3cef83c28994063e9daeea6a3792','袁彩珍','388','','','','','caizhen.yuan@kadang-inc.com','2011-11-04 13:32:13',1),(389,'xiongfang.wu','942454722db2990839ccfb4971a313c9','吴雄芳','389','','','','','qingxian.li@kadang-inc.com','2011-11-17 14:42:19',1),(390,'chaohui.liao','90b11f1a4347e20dac0b800b3a1bfea4','廖朝晖','390','','','','','qingxian.li@kadang-inc.com','2011-11-17 14:43:29',1),(391,'yonghui.wang','506ddcae80066a3f0145ff1497e1fcec','王永慧','391','','','','','yonghui.wang@kadang-inc.com','2011-11-22 09:23:38',1),(392,'chaoqun.cao','e072a0a44deb66ea52e3dc5e2c76e397','曹超群','392','','','','','chaoqun.cao@kadang-inc.com','2011-11-22 09:24:25',1),(393,'lina.ye','c82222377c172c05248a4ec9d2b1ac2c','叶丽娜','393','','','','','lina.ye@kadang-inc.com','2011-11-22 19:36:02',1),(395,'yingchun.li','8e8ba77fd5fc35378e420e8417b72fb4','李迎春','395','','','','','canfei.ye@kadang-inc.com','2011-11-25 08:48:36',1),(396,'youge','fbd0c6c40f0afe8fd974374027fc8e0f','优格','396','','','','','qingxian.li@kadang-inc.com','2011-11-28 12:17:36',1),(397,'ling.yan','39c269ec43106c5eb1f727b2a5a181fd','严玲','397','','','','','ling.yan@kadang-inc.com','2011-11-29 19:48:04',1),(398,'ke.bei','b02c39f1e1fe6ec9a145607ece86cdeb','贝科','398','','','','','ke.bei@kadang-inc.com','2011-11-30 17:18:04',1),(400,'qiliang.wang','1447cfc42be957945d2d9e8238c1729b','王奇良','400','男','','','','qiliang.wang@kadang-inc.com','2011-12-05 13:33:26',1),(405,'nini.jiang','33f56e7df2b0da24b5d6be659e579142','蒋妮妮','405','','','','','nini.jiang@kadang-inc.com','2011-12-05 15:27:10',1),(406,'jianjiang.liao','f52e9dc7d5d3a6c3caee785ccf09c3d3','缪建江','406','','','','','jianjiang.liao@kadang-inc.com','2011-12-05 16:04:26',1),(407,'shijing','1ee40e12935d267d94f28c8f7e7fd958','诗璟巧克力','407','','','','','qingxian.li@kadang-inc.com','2011-12-07 11:03:51',1),(408,'na.li','47bfc5f207aaef1fd8e320f05fdc9e2e','李娜','408','','','','','na.li@kadang-inc.com','2011-12-16 16:11:11',1),(409,'shiyan.zheng','874659705bdd36c521ab02791f17fe21','郑诗彦','409','','','','','shiyan.zheng@kadang-inc.com','2011-12-20 17:46:51',1),(410,'qiuxiao.lu','6234caa7a60de521f6b4bed1ace560c2','陆秋校','410','','','','','qiuxiao.lu@kadang-inc.com','2011-12-23 16:32:36',1),(414,'qinghong.fu','386bb5a12cca21a364ef4d5acb8bdd64','符庆红','414','男','','','13967143571','qinghong.fu@kadang-inc.com','2012-02-01 10:53:03',1),(415,'jialong.luo','204c6c34d577094298bbbd152149bae4','罗佳龙','415','','','','','jialong.luo@kadang-inc.com','2012-02-01 10:53:39',1),(418,'ling.zhang','8ff2291408e87750dd4442e94a0d8144','张玲','418','','','','','ling.zhang@kadang-inc.com','2012-02-01 15:14:32',1),(420,'yonghong.chen','6016e5fa8473f6713828eef5b976ab46','陈永红','420','','','','','yonghong.chen@kadang-inc.com','2012-02-03 15:06:40',1),(423,'yun.liu','da48c3bc3bb7794a1100c982435be32d','刘云','423','','','','','yun.liu@kadang-inc.com','2012-02-06 17:26:16',1),(426,'dan.zhao','82dc52022eccfef63295b36047252a71','赵丹','426','','','','','dan.zhao@kadang-inc.com','2012-02-13 10:48:31',1),(428,'li.chen','555a357da85927c95bb8d501b5908116','陈丽','428','','','','','li.chen@kadang-inc.com','2012-02-16 09:31:02',1),(429,'jiali.fan','3536d2b0fabe77801d3a4b5db2a2431f','樊佳丽','429','','','','','jiali.fan@kadang-inc.com','2012-02-16 09:34:14',1),(430,'yena.yu','ee23f85a3b1383aaffb7db33d35f4fc9','俞叶娜','430','','','','','yena.yu@kadang-inc.com','2012-02-22 13:11:41',1),(431,'lijun.chen','00a2c24de7b798358957632ac63ba43a','陈丽君','431','','','','','lijun.chen@kadang-inc.com','2012-02-22 13:12:56',1),(432,'liang.zhang','223cf5801a5a22038a3572c0b2057e56','张靓','432','','','','','liang.zhang@kadang-inc.com','2012-02-23 09:43:15',1),(433,'huanglier','8dc226257aa41527b6e2ad1d7938f794','皇丽儿','433','','','','','qinxian.li@kadang-inc.com','2012-02-27 09:28:28',1),(434,'fuchuntongxun','52b99a5a4da00a7000d0602c75368b5b','富春通讯','434','','','','','qinxian.li@kadang-inc.com','2012-02-27 13:23:37',1),(436,'shengjian.qi(436|已删除)','177c1454c65c57eda9afe8cd4af5a89e','戚胜坚','436','','','','','shengjian.qi@kadang-inc.com','2012-02-28 11:09:28',1),(437,'heyan.xu','0ab635459281d268d079f10e92c87ae3','徐鹤燕','437','','','','','heyan.xu@kadang-inc.com','2012-02-28 11:26:56',1),(438,'xiaoling.qian','be9f3fda6c831422e934881a8a9841a4','钱小玲','438','','','','','xiaoling.qian@kadang-inc.com','2012-03-05 10:57:18',1),(439,'dandan.hong','becaaa5caa065e97606a59dae12a5740','洪丹丹','439','','','','','dandan.hong@kadang-inc.com','2012-03-06 09:22:49',1),(443,'chong.yuan','1fe6301b2200c623fcd4659c44fb8bbd','袁冲','443','','','','','chong.yuan@kadang-inc.com','2012-03-28 08:49:04',1),(445,'yanjiang.ni','0545af19a4da4cbeff66c0d2f3556bc8','倪燕江','445','','','','','yanjiang.ni@kadang-inc.com','2012-03-28 10:12:11',1),(446,'qiangqiang.zhang','04595121135d8d3ab57cce7ca06ad9c5','张强强','446','','','','','qiangqiang.zhang@kadang-inc.com','2012-03-28 10:12:47',1),(447,'yan.zhang','fac5a3165bbdfa1ef7f86ceff0a2d973','张艳','447','','','','','yan.zhang@kadang-inc.com','2012-03-28 10:13:15',1),(453,'beiyan.lin(453|已删除)','697c1e9be55c9180c9ca830b6b5ebfb2','林蓓燕','453','','','','','beiyan.lin@kadang-inc.com','2012-03-30 09:04:40',1),(455,'danyue.zhang(455|已删除)','96cf81c6f5ecad73316c7826a0d9faf9','张丹月','455','','','','','danyue.zhang@kadang-inc.com','2012-03-30 15:42:51',1),(456,'yanhong.ni','99b99800432c469b24df640d635b79e1','倪燕红','456','','','','','yanhong.ni@kadang-inc.com','2012-04-05 09:43:24',1),(457,'lanlan.wu','a4ec0f3faf1f09407d62e61fc33f34c2','吴兰兰','457','','','','','lanlan.wu@kadang-inc.com','2012-04-11 11:10:28',1),(458,'lin.chen','6c6871f5084a7adce53718213b405b52','陈琳','458','','','','','lin.chen@kadang-inc.com','2012-04-11 11:23:18',1),(459,'yuan.huang','ad27a1eba023de0fad5b52c5f816dd3c','黄圆','459','','','','','yuan.huang@kadang-inc.com','2012-04-12 12:48:11',1),(460,'li.song','f18973b95ba3f3cd8e7ebb6756e275eb','宋利','460','','','','','li.song@kadang-inc.com','2012-04-24 15:01:47',1),(464,'zhencai','6aa8fbb3a9f99c9a51ce60bb66a3e404','真彩','464','','','','','qingxian.li@kadang-inc.com','2012-04-26 17:08:47',1),(465,'min.yan','63c70f0c9eb0420a03c4d67a7225ad60','颜敏','465','女','','','13396537169','min.yan@kadang-inc.com','2012-04-28 12:30:37',1),(467,'tianwu.yang','e4a52ecd8a264bfab6cb4c42f1414402','杨天武','467','','','','','tianwu.yang@kadang-inc.com','2012-05-04 09:11:42',1),(468,'guanyan.hu','2c7f790e61ef49c3f1ecde1a50e732d8','胡观艳','177','','','','','guanyan.hu@kadang-inc.com','2012-05-04 09:39:12',1),(469,'chuangyi','d7ae166605cda2e7754f436e2a94feb9','创艺','469','','','','','qingxian.li@kadang-inc.com','2012-05-09 08:34:42',1),(470,'fen.li','4642215593376faddf46676bd06eb87a','李芬','470','','','','','fen.li@kadang-inc.com','2012-05-11 09:47:23',1),(471,'yingxia.xu','f54fa680dcf5b2bfdcc4d1a27084c3d0','许迎霞','471','','','','','yingxia.xu@kadang-inc.com','2012-05-11 09:48:30',1),(473,'xiaojian.chen','a4d0ed23aed2ffb1157ca35deef87e66','陈小剑','473','','','','','xiaojian.chen@kadang-inc.com','2012-05-16 11:31:44',1),(474,'kaini.zhao','073d1e8be435e3588435dd0e86632777','赵凯妮','474','','','','','kaini.zhao@kadang-inc.com','2012-05-16 13:05:32',1),(475,'cuihong.yi','c01b498241cb2e0eb7e5cde40d7921c1','伊翠红','475','','','','','cuihong.yi@kadang-inc.com','2012-05-21 09:30:22',1),(477,'chengsong.ai','4d2fe69f55cb18a2e3284b056769501b','艾成松','477','男','','','','chengsong.ai@kadang-inc.com','2012-05-24 15:56:02',1),(478,'zhenxing.zhou','c9267f7412a170a9fefeb7fec210ba0e','周振兴','478','','','','','zhenxing.zhou@kadang-inc.com','2012-05-24 15:56:42',1),(479,'xinyimei','2085f9575602d501048078c8495f81cb','心驿美','479','','','','','qingxian.li@kadang-inc.com','2012-05-29 16:03:37',1),(480,'mengxiao.zhang','34af0132da89be45ff62a6f770685311','张梦肖','480','','','','','mengxiao.zhang@kadang-inc.com','2012-06-01 14:55:08',1),(482,'zhixiang.xiang','97fc7ca563d68f9549a3504ab6341d84','向志祥','482','','','','','zhixiang.xiang@kadang-inc.com','2012-06-01 15:38:38',1),(485,'hang.yu','2b603588382a721cb8626c2b53913ee4','俞航','485','','','','','hang.yu@kadang-inc.com','2012-06-13 15:09:01',1),(486,'zhejun.xia','8df24a130b0a56d06a3f3d8a9cb9d60d','夏浙君','486','','','','','zhejun.xia@kadang-inc.com','2012-06-14 09:00:33',1),(487,'smt_jg','a5aa3f15ffd07147886a54ead38fd5fa','尚美特激光雕刻','487','','','','','qingxian.li@kadang-inc.com','2012-06-14 09:07:53',1),(488,'donglei','985550c220d14802f4a93b8677756ed4','东镭雷激光','488','','','','','qingxian.li@kadang-inc.com','2012-06-14 15:20:03',1),(489,'guolan.liu','8b70ca18a3737d7a9744dd113a5134d4','刘国兰','489','','','','','qingxian.li@kadang-inc.com','2012-06-15 16:22:14',1),(490,'jun.wang(490|已删除)','7aa0033c4a3824e8418a4d4b8db8570c','王军','208','男','','','','jun.wang@kadang-inc.com','2012-06-18 10:26:24',1),(491,'qinlei.zhao','a9af915490769577b35e186f9bd073d8','赵沁蕾','491','','','','','qinlei.zhao@kadang-inc.com','2012-06-20 14:50:01',1),(492,'shihong.cui','fc00d0fef13b2f73af7c32ae59610cc4','崔士红','66','女','','','15824426058','shihong.cui@kadang-inc.com','2012-06-26 15:01:48',1),(493,'mingzong.guo','90fd556736fb63461e27a4541819cffd','郭明宗','067','男','','','13567169552','mingzong.guo@kadang-inc.com','2012-06-27 18:35:11',1),(494,'yong.zheng','605880af9b97642bc8111e03ca0c777e','郑勇','494','','','','','yong.zheng@kadang-inc.com','2012-06-27 18:37:07',1),(495,'jinlong.li','7d74041b3c35f7c49c965e708cd3d181','李金龙','495','','','','','jinlong.li@kadang-inc.com','2012-06-27 18:38:36',1),(496,'xiao.ma','f08ac2122a7f54a829ca2e2baa7d006a','马霄','496','','','','','xiao.ma@kadang-inc.com','2012-06-27 18:39:43',1),(499,'wenjing.ou','bb045e53188bffb10c7d1828be3f5d04','欧文静','499','','','','','wenjing.ou@kadang-inc.com','2012-06-27 18:42:44',1),(500,'yan.wang','5f083610aebab3deabfa14e7dd8b5fa0','王艳','500','','','','','yan.wang@kadang-inc.com','2012-06-27 18:52:55',1),(501,'ying.cheng','f52b9f813381b8b41563cabd3d38a186','程莹','501','','','','','ying.cheng@kadang-inc.com','2012-06-27 18:53:53',1),(502,'kd_fh_test','bcfcb8506d0a409aceb1c084f1e798d6','发货测试','502','','','','','chao.fang@kadang-inc.com','2012-06-27 22:01:58',1),(503,'wenjuan.zhu','9ec520b5973e68d71a1ed49c9ab2a01d','祝文娟','503','','','','','wenjuan.zhu@kadang-inc.com','2012-06-29 13:50:22',1),(504,'zhengwei.xu(504|已删除)','938d7ba6f998526f987a6f30f7e44f5a','许正伟','504','','','','','zhengwei.xu@kadang-inc.com','2012-07-02 09:59:29',1),(506,'junjun.chen','f734ded38b091eadd8e53f25ccf8610c','陈俊军','506','','','','','junjun.chen@kadang-inc.com','2012-07-03 10:40:35',1),(507,'manman.liu','15d303ddc5ef096c7ac1e5520988bec8','刘漫漫','507','女','','','','manman.liu@kadang-inc.com','2012-07-10 09:00:15',1),(508,'lan.zhang','7e460ebdccc136cf5090a4591f1138a5','张兰','508','','','','','lan.zhang@kadang-inc.com','2012-07-10 09:00:58',1),(509,'wangdao','b4b0ad17b040467d4144e528eee617a4','网道','509','','','','','zuda.zhu@kadang-inc.com','2012-07-11 17:20:43',1),(510,'huiqiang.zhu','306c8ce516ca563b23e8e94f4aa60435','朱慧强','510','','','','','huiqiang.zhu@kadang-inc.com','2012-07-12 16:52:38',1),(511,'xueling.wang','a108713ce3d5194d12136a17f8f9996b','王雪玲','511','','','','','xueling.wang@kadang-inc.com','2012-07-16 10:04:19',1),(512,'ning.xu','00f4221f654e5a9ed59013426e2cc618','徐宁','512','','','','','ning.xu@kadang-inc.com','2012-07-16 12:31:46',1),(513,'yueping.chen','6dc613746d8c72ee1d0cdcef60db0ef3','陈岳萍','513','','','','','yueping.chen@kadang-inc.com','2012-07-16 12:32:20',1),(514,'fengman.yu','f058100c329bb155c50f70e85ac9fbab','余丰满','514','','','','','fengman.yu@kadang-inc.com','2012-07-16 13:04:28',1),(515,'haoshengyi','03e62c2504b1afdfca5ee742d5b324c3','豪盛亿','515','','','','','qingxian.li@kadang-inc.com','2012-07-18 16:27:59',1),(517,'chenggen.zou','a426e18d10cbe1dc05c2d58a59857c1b','邹成根','517','','','','','chenggen.zou@kadang-inc.com','2012-07-19 08:43:12',1),(518,'jiadong.wang','4731c7ec7c88900013cc9eb51fec5486','汪家栋','518','','','','','jiadong.wang@kadang-inc.com','2012-07-19 08:56:07',1),(519,'qilong.yang','3f7d4841bf7b61cdf208fcb8bfdb8fa7','杨奇龙','228','','','','','qilong.yang@kadang-inc.com','2012-07-19 09:01:46',1),(520,'cheng.he(520|已删除)','2aa155fa78d9c98e1a661cdfe8ff8e64','贺成','520','','','','','cheng.he@kadang-inc.com','2012-07-19 09:04:30',1),(521,'junchao.huang','7c10421fc86f81bc3368050b4bf9b6d2','黄骏超','521','','','','','junchao.huang@kadang-inc.com','2012-07-19 09:12:40',1),(522,'tiansheng.shao','cb12873092f1ae2a8545a6c4fed7d190','邵天生','522','','','','','tiansheng.shao@kadang-inc.com','2012-07-20 08:53:47',1),(523,'wenjing.hu','e2d837179761c8480eb1f7317dc01bbf','胡文静','523','','','','','wenjing.hu@kadang-inc.com','2012-07-23 12:23:50',1),(524,'ping.zhou(524|已删除)','11cc7ad4552bce55ee12e24146892d29','周萍','524','','','','','ping.zhou@kadang-inc.com','2012-07-23 17:00:03',1),(525,'peilin.ni','0edd7a3a101b378323f1603e042183dc','倪沛霖','525','','','','','peilin.ni@kadang-inc.com','2012-07-24 10:09:24',1),(526,'fei.ji','d753f1a9aff3bcc01790319ba1ac0dc4','冀菲','526','','','','','fei.ji@kadang-inc.com','2012-07-24 15:52:17',1),(527,'lin.zhu','1e3d953e00aff8af59c20f2d0db4f9bb','朱琳','527','','','','','lin.zhu@kadang-inc.com','2012-07-25 09:58:42',1),(529,'yulan.yin','27935175cad0b3938826cf70d0785a66','尹玉兰','529','','','','','yulan.yin@kadang-inc.com','2012-07-26 15:22:12',1),(530,'wenlan.wang','ac69224b997d21007bb8294d9de4aff8','汪文兰','530','','','','','wenlan.wang@kadang-inc.com','2012-07-30 10:17:28',1),(531,'yaowen.shi','72c2d0af0bb84ec93e80666c06a97598','石跃文','531','','','','','yaowen.shi@kadang-inc.com','2012-07-31 16:58:33',1),(532,'dongdong.shi','f4cdde0b36d727a17f01abaa9bc92f89','施冬冬','532','','','','','dongdong.shi@kadang-inc.com','2012-07-31 16:59:29',1),(534,'xiaofei.zhu','56d08bcadfa2fb0d76c8f7467303ab6e','朱晓飞','534','','','','','xiaofei.zhu@kadng-inc.com','2012-08-01 09:30:24',1),(535,'hongshan','d037f4b3d3d8f3609e9ca810c868f8be','红杉工艺','535','','','','','qingxian.li@kadang-inc.com','2012-08-01 15:50:15',1),(536,'keding.hua(536|已删除)','372ec30c00fe68104d18ac047f30c69b','华克丁','536','','','','','keding.hua@kadang-inc.com','2012-08-02 15:46:21',1),(537,'changshun.ding(537|已删除)','56ad429f5c04a2d25144b023b3511b6c','丁昌舜','537','','','','','changshun.ding@kadang-inc.com','2012-08-03 09:37:51',1),(538,'yuewen.shi','b160e47a438007910ecbd070c1800487','石越文','538','','','','','yuewen.shi@kadang-inc.com','2012-08-04 08:46:14',1),(539,'xiaojiao.xiao','fc6fd66a8870163da094841b5b1a642c','肖小娇','539','','','','','xiaojiao.xiao@kadang-inc.com','2012-08-04 08:47:06',1),(540,'xiang.yi','5467b223afbf790034b89bf569807c09','尹祥','240','','','','','xiang.yi@kadang-inc.com','2012-08-04 08:47:50',1),(541,'shenfeng.wen','d2c35f34d860d7165a6ba59927ea5b82','闻神锋','541','男','','','','shenfeng.wen@kadang-inc.com','2012-08-06 16:49:38',1),(542,'qiren','6768bd89a86efca7b7bbe5c37ef29cdb','七仁','542','','','','','qingxian.li@kadang-inc.com','2012-08-09 10:13:27',1),(543,'hengxin','7420a0f6b68afcc741f8051782b0b244','恒鑫','543','','','','','qingxian.li@kadang-inc.com','2012-08-09 10:18:26',1),(544,'shangshangzhubao','e5fc6719b0425b754048a55edd44eab5','尚尚珠宝','544','','','','','qingxian.li@kadang-inc.com','2012-08-09 10:19:57',1),(545,'fanggui','c39f31a2148bc5d6a32e944130680150','方归','545','','','','','qingxian.li@kadang-inc.com','2012-08-09 10:24:39',1),(546,'cixiumingzitie','5408db9658d4ac98e89bc873f0d6de4a','刺绣名字贴','546','','','','','qingxian.li@kadang-inc.com','2012-08-09 10:25:41',1),(547,'jiawei.ni','5970a7d4cb521fb4c9fe4cadac87122e','倪佳维','547','','','','','jiawei.ni@kadang-inc.com','2012-08-09 16:18:56',1),(548,'feifei.lai','0846f1c9afa406dbf161d654383a6fdd','来菲菲','548','','','','','feifei.lai@kadang-inc.com','2012-08-09 16:19:33',1),(549,'kd_kf','f2c96c5c567cc180cc878dc5f5f2a7a3','卡当客服','001','女','','职员','','','2012-08-11 09:41:56',1),(550,'chao.fang','f8c009e1abdcba949c5c289e710c846b','方超','44','男','','职员','15167121739','','2012-08-15 12:35:50',1),(555,'chengxiao.du(555|已删除)','73fe0373aff47a2a77b133cbb5d6fa23','杜承晓','142','男','','职员','','','2012-08-15 12:40:37',1),(557,'kunxiao.cai','dca497731f322a5d1172702e8fa6d938','蔡坤晓','6','男','','职员','','','2012-08-15 12:43:31',1),(558,'zhugf','394417373d7333eb7ce7723dac942aa0','朱根锋','182','男','','职员','15158019527','','2012-08-15 12:47:50',1),(563,'reno19850109','ac55167505d38cc30c28a94c158126e2','孔祥瑞','0184','','','','','','2012-09-10 18:01:14',1),(564,'qunli.su','135f9ea0fb886b71cfbf0996b4158254','苏群丽','11111','女','','职员','','qunli.su@kadang-inc.com','2012-09-14 16:30:36',1),(565,'shenghua.zhou','dff3ed6300a37c417484ad5aba022e03','周胜华','0166','','','','','','2012-10-10 16:33:42',1),(567,'xicheng.chen','8bbafe27762018107a3ff3c12da548a3','陈希成','9527','男','','职员','','','2012-10-19 14:50:30',1),(571,'keping.chen','baa832710c8bf8823c6ea4f6822800a2','陈柯平','3332','男','','职员','','','2012-10-22 17:17:02',1),(574,'chunxia.chen','cb041a7d8b574537e16d7eea51970143','陈','202','女','','','','','2012-10-29 22:22:46',1),(575,'qiuju.li','e2723425c78a03bdf0f318b38533553f','李秋菊','226','女','','','','','2012-10-30 14:52:18',1),(576,'smt','8f8309fc6cc173ffc6f065d53ac293dd','尚美特','01','','','','','','2012-10-31 08:39:45',1),(577,'smtjg','4c7c9501bd6f67e9941c712d96168d52','尚美特激光','02','','','','','','2012-10-31 08:47:47',1),(578,'mgj','6874bdac0a626d424229b39841f1885e','马各记','03','','','','','','2012-10-31 08:48:16',1),(579,'hwjg','c339f819e5f7d924eed21303764ef4a4','华沃激光','04','','','','','','2012-10-31 08:48:40',1),(581,'wanjun.zeng','79e4972e93c109f0fb6009658196dfbe','曾婉君','111','女','','职员','','','2012-10-31 14:42:42',1),(582,'lei.yang','667157ccf3d69475d3c4df0413f53b37','杨磊','235','女','','职员','','','2012-11-01 08:46:07',1),(583,'chunlan.huang','27cac841beac1f6881da0e440f60caf7','黄春兰','225','女','','职员','','','2012-11-01 08:48:48',1),(584,'xiaoling.guo','a6172a2494234a8c85e9cd5d21e5277c','郭晓玲','259','女','','职员','','','2012-11-01 08:50:15',1),(585,'jinqin.xiong','3e536beee0ff5106024a9c1355daeafb','熊金琴','207','女','','职员','','','2012-11-01 08:51:55',1),(586,'bw','47a67b3bc4e93aed23b33d168c9224d6','百威','05','','','','','','2012-11-01 14:56:09',1),(588,'wx','18adeb4c023de2ca9114d514431e8de3','卡当外协部','09','','','','','','2012-11-05 16:24:54',1),(589,'kai.zhang','440ddd9f84d7fd2a6d45f19717661c69','张凯','0269','男','','','','','2012-11-07 18:33:45',1),(592,'fang.ding(592|已删除)','94d313f77830085beb0bc67ca311bea3','丁芳','103','女','','职员','','','2012-11-08 10:59:55',1),(593,'pengjun.tang','684c53cd3eb2a48f19258fa456cb336e','唐鹏君','XXX','女','','职员','','','2012-11-14 14:19:56',1),(594,'qin.li','9944571829ad3847699eb337d23f4d9e','李琴','XX1','女','','职员','','','2012-11-16 13:48:25',1),(597,'jia.li','ec7d005241b4ecfacd631939aa809ebe','李佳','XX2','女','','职员','','','2012-11-16 13:51:39',1),(598,'xiaohui.zhou','8d6abb36345fb0069cb445886cc9fd03','周小慧','XX3','女','','职员','','','2012-11-16 13:52:36',1),(599,'weixiao.ge','1716e16ea3143a6318ff5ae402013570','戈唯小','XX4','女','','职员','','','2012-11-16 13:54:09',1),(601,'dandan.yang','59778034179189f5e2a907a9d6234591','杨丹丹','XX5','女','','职员','','','2012-11-16 13:56:28',1),(603,'rnd_bi','0b05b78c1b4d7b6d015091da7453d594','BI开发','XX7','男','','职员','','','2012-11-16 14:47:35',1),(605,'rnd_qa','373d681a8597dbd29f396d0e6415ef0e','QA','XX9','男','','职员','','','2012-11-16 14:48:43',1),(607,'chengxi.fang(607|已删除)','a5f092a3c97b7fbcf41adfb901a1bb84','方丞熙','28X','男','','职员','','','2012-11-19 08:35:37',1),(608,'qiaoyun.wang','fe95b7d5e90aab2a5f5a42b940df221a','王巧云','013','女','','职员','','','2012-11-20 13:48:03',1),(609,'hui.peng','279d1e062557cd8fd3a55e8cf34a523b','彭慧','52','女','','职员','','','2012-11-20 13:50:53',1),(610,'shutao.zhang','6439da7764d21a7e2eeb31a0fc780b9c','章书涛','360','男','','职员','','','2012-11-22 13:19:09',1),(611,'qian.wang','a04656d04564881ec41da4e20a2e1275','王倩','XXXX1','女','','职员','','','2012-12-07 08:44:05',1),(612,'xiaotao.shao','ce33c03b618c2e910a0c13357de01b59','邵小桃','790','女','','职员','','','2012-12-07 13:25:58',1),(613,'wanghui.fu','3bb9ff4e0593a2b1ad015e95e786a6c6','富汪慧','791','女','','职员','','','2012-12-07 13:28:15',1),(614,'han.chen','24c8d6b675af8587aaf3066b64aba70b','陈韩','792','男','','职员','','','2012-12-07 13:30:26',1),(615,'feng.jin','78ab35f7732362371f9921e79222e9dc','金峰','794','男','','职员','','','2012-12-07 13:31:51',1),(616,'feng.hou','dd93bbfe83df140f4f617d7fcb047e0a','侯峰','795','男','','职员','','','2012-12-07 13:34:58',1),(617,'qianqian.ni','0eed6e9e5374d843566765a0175139dd','倪倩倩','798','女','','职员','','','2012-12-12 11:38:07',1),(618,'jiaxian.feng','9087512cebde09cfac3895446c025444','封家贤','800','男','','职员','','','2012-12-12 11:38:48',1),(619,'mi.tang','398397421fd43a8e0daff953b164c6f5','汤密','801','男','','职员','','','2012-12-12 11:39:37',1),(620,'libin.yan','a98c66f03177705bc43758a23e89010e','严立斌 ','901','男','','职员','','','2012-12-13 13:07:42',1),(621,'SJ','e20ca5f1a2ae1832f78bf97a9e5dbf95','上海诗璟使用库','SJ01','男','','职员','','','2012-12-14 14:51:34',1),(622,'zhengfan.zhu','8802fb8d82698609386e9ded861a1570','朱正凡','981','男','','职员','15955098247','370707209@qq.com','2012-12-26 10:41:47',1),(623,'yong.zhang','27f940fd4b538a9a265bc2ff1840c6c7','张勇','998','男','','职员','','','2012-12-27 16:11:26',1),(624,'ling.gao','7a1a6b34a2e2315c38a342b13c4b6c5b','高玲','900','女','','职员','','','2012-12-28 14:58:00',1),(626,'yan.sun','0c5b5b637e97285a69c6a52dd86f0f79','孙燕','932','女','','职员','','','2012-12-28 14:59:22',1),(628,'shanshan.zhang','a54946186960ae648b16fba554ea01b6','张珊珊','10041','女','','职员','','','2013-01-14 16:37:13',1),(629,'shumei.tong','db1c63a3162327314de89eec0c2ffada','童淑梅','10042','女','','职员','','','2013-01-14 16:41:17',1),(630,'guoqing.wang','9cc7b8fbd9c6e984596c81ae79be6aee','王国庆','10044','男','','职员','','','2013-01-14 17:14:12',1),(632,'chunhong.wang','6157880a6cc5253a85811526ff2f1ba3','王春红','10045','女','','职员','','','2013-01-14 17:14:58',1),(634,'qianqian.zhao','e590885c9252d918c1a029a7904d649f','赵前前','10046','女','','职员','','','2013-01-15 03:18:19',1),(635,'lingjun.gu','3dbe2379a15648b96632404c8fabe017','顾灵骏','10047','男','','职员','','','2013-01-15 03:19:17',1),(636,'yanping.zhang(636|已删除)','75ce82cc4af8a6dc7fb442c4a226fb6f','章燕萍','10050','女','','职员','','','2013-01-16 10:49:45',1),(637,'yan.liu','ad249d60147093e87b3528d433b88245','刘妍','100051','女','','职员','','','2013-01-16 16:26:55',1),(638,'changjun.chen','91adad2ea9b1089dc53c214bf0430aa1','陈长君','100032','男','','总监','','','2013-01-17 09:29:01',1),(639,'huawo_qa','ece5622bfeda7a4c7801562b7d0bff9f','测试华沃使用库','10069','男','','职员','','','2013-01-17 14:20:55',1),(640,'xiaoyan.ge(640|已删除)','f418e8b13882c9412aee88087b185229','戈晓艳','10058','女','','职员','','','2013-01-18 15:06:29',1),(642,'fengfeng.yang','73b0ce4a20912eaff7da1f6841a6f262','杨锋烽','10059','男','','职员','','','2013-01-21 09:54:49',1),(645,'lijun.lin','69b30dfa7460f4093e15a9f1e023de05','林丽君','10061','女','','职员','','','2013-01-21 09:56:45',1),(647,'namin.chen','1e26b54a4c15eefe04e66f846dfcf590','陈娜敏','10062','男','','职员','','','2013-01-21 09:57:54',1),(648,'wanwan.yin','e25a8b01add2b8fd1f7e18dd44b04c45','尹皖皖','10068','女','','职员','','','2013-01-23 11:03:27',1),(649,'shennan.chen','c3aac94e997fce9b124ccd06be376f53','陈燊南','10070','男','','职员','','','2013-01-24 09:19:29',1),(651,'lu.yu','2e694ddcb11697b374a4e61a148723ad','俞路','10071','女','','职员','','','2013-01-29 15:55:58',1),(652,'qiang.fan(652|已删除)','436e21c01292cb06dd101850c61f9aa3','范强','100072','男','','职员','','','2013-02-04 17:00:18',1),(653,'dong.dong','7f93cb4a0b5ce355c4f8e50707078d7a','董东','10080','男','','职员','','','2013-02-18 14:16:57',1),(654,'yujie.sun','b58264f236527247704d335bd9d8978c','孙妤婕','10082','女','','职员','','','2013-02-21 14:23:37',1),(655,'ya.wang','d5587bead09974eacf6fe51d955a8ccf','王娅','10090','女','','职员','','','2013-02-25 16:17:48',1),(656,'zhiying.liu(656|已删除)','df9fb09c83c8d7162c5c49bacf156e74','刘志英','10091','女','','职员','','','2013-02-27 13:58:50',1),(657,'jing.deng(657|已删除)','cfcf9fd70ec82cce3c46e1f674860c1b','邓静','10092','女','','职员','','','2013-02-27 13:59:44',1),(658,'dongxu.han','3506fd68c1fa00b20798904bbd37b645','韩旭东','100092','男','','职员','','','2013-02-28 09:22:01',1),(661,'wlliang.zhang','4df60f417373b176d2d3711306d3e7a7','张亮','100098','男','','职员','','','2013-03-11 11:11:27',1),(662,'yankun.yao','df191259d3debc218f3b17a5623e4695','姚艳坤','10098','女','','职员','','','2013-03-12 08:44:09',1),(663,'yanfei.shan','4968fce712a4b18d821b7eb933c84d7a','单燕飞','10099','女','','职员','','','2013-03-12 09:21:03',1),(664,'yuejiao.zheng','e8fa8346546d44531062456556a8e337','郑月娇','10100','女','','职员','','','2013-03-12 09:23:27',1),(665,'xiaoli.wu','f26acad67af789b8c197542bf7e1ea81','吴小丽','10101','女','','职员','','','2013-03-12 09:26:25',1),(666,'wanting.zhou','10fab2f3a9101877f029c0f6f6555d51','周婉婷','10102','女','','职员','','','2013-03-12 09:28:07',1),(667,'li.he','460dec19349c56a11c83060b6b77438f','何莉','10103','女','','职员','','','2013-03-12 09:30:30',1),(668,'aiping.chen','c2b6c21b5b7aeef283b93e4ff9cccb37','陈爱萍','10104','女','','职员','','','2013-03-12 10:36:35',1),(670,'hua.hu','a8064f25fc88c90e29d7f3eeedcd5f54','胡华','10106','男','','职员','','','2013-03-15 15:05:33',1),(671,'hongsheng.yang','9adc8cd1d3a132e27613752b9599fbd5','杨洪升','10109','男','','职员','','','2013-03-15 15:06:34',1),(672,'caihong.chen','e18a475bd77481398aee12137b3ebc8c','陈彩红','10107','女','','职员','','','2013-03-18 14:59:09',1),(673,'ze.cheng','648e4371547c6639c2c7d65da4c5ac9c','程泽','10112','男','','职员','','','2013-03-25 10:44:58',1),(674,'jing.li','ad47458b7442210098c062d2f5842142','李静','10115','女','','职员','','','2013-03-26 09:31:52',1),(675,'lu.ye','5f9ca01ef9979cff2d4a287f86f8fdc3','叶路','10116','女','','职员','','','2013-03-26 09:32:33',1),(676,'qiongya.wang','5d5aba6ad48e3e2bb5d97e467d50ad8a','王琼亚','10119','女','','职员','','','2013-03-28 09:03:06',1),(677,'yu.tao','60ecb63a05c214e0f756a493c6089ad5','陶钰','10120','女','','职员','','','2013-03-29 14:16:53',1),(678,'ji.xu','00f195a18fc7195aadd314e4165fcbba','徐吉','10121','男','','职员','','','2013-04-01 08:49:51',1),(679,'xin.deng(679|已删除)','6a02ebde46e0a512b20d2ccd4a966c1d','邓欣','10202','女','','职员','','','2013-04-07 08:45:27',1),(681,'huan.deng','55196e0d99aa4593293ffaa95e1cb7a6','邓欢','10203','女','','职员','','','2013-04-07 08:49:22',1),(682,'shengyang.zhong','dc086745fcef8ef585ac9a146728bdaa','钟声扬','10205','男','','职员','','','2013-04-08 11:03:17',1),(684,'xuanse','bf8bee82e41672ea095c2f39e7eeb529','炫色使用库','10206','男','','职员','','','2013-04-08 16:33:44',1),(686,'jing.meng','585313d722c5cfa4381680078bb9b34d','孟晶','10207','女','','职员','','','2013-04-10 17:35:59',1),(687,'yuanyuan.zheng(687|已删除)','387b7cffd4a4615c95f1505268f81989','郑媛媛','10211','女','','职员','','','2013-04-15 16:12:19',1),(688,'shiying.yan','183bbcf2a87a61c484d322f26d580b06','严诗瑛','10212','女','','职员','','','2013-04-15 16:14:17',1),(689,'kai.wang','da6175bde5bdf77d3d281d1bb4443370','王凯','10213','男','','职员','','','2013-04-15 16:15:57',1),(691,'qifeng.ma','1b0aab4bbb0cfd5d16548805bd3c8e29','马琪烽','10214','男','','职员','','','2013-04-17 08:52:08',1),(692,'shunran','98958a5b53e3a7adfcb6f1acf1684460','顺然使用库','10230','男','','职员','','','2013-04-22 09:49:02',1),(694,'caixia.shen','aeb866b154fe188309748fbc165039e8','沈彩霞','10233','女','','职员','','','2013-04-22 14:43:57',1),(695,'kuaile.sun','b226eb4bf04281999935f8f44d496c97','孙快乐','10302','女','','职员','','','2013-04-24 11:08:42',1),(696,'jiwu.feng','d95377ffe82ff740c795bc4ce6275ad8','冯继武','100356','男','','经理','','jiwu.feng@kadang-inc.com','2013-05-06 17:39:47',1),(697,'lingli.yang','2f2103f2f67f693adf69e6ecd3ba5524','杨玲莉','100571','','','','','lingli.yang@kadang-inc.com','2013-05-07 17:54:38',1),(698,'shujie.xia','5d21475ba96fcaa005b005b5cd196a76','夏淑杰','1005723','','','','','shujie.xia@kadang-inc.com','2013-05-07 18:16:52',1),(699,'dingfeng.chen','782f388b4e3eadcd134d3bb3793bfb22','陈丁烽','100674','','','','','dingfeng.chen@kadang-inc.com','2013-05-08 10:02:19',1),(700,'bbbbbbb(700|已删除)','0c0616eb23359a1694396117e5ed99cf','bbbbbbb','bbbbbbb','男','bbbbbbb','bbbbbbb','1223123214214','dfsf@qq.com','2014-03-03 00:04:45',3),(701,'cccccc','b3e076cb3055594ac4a33c7d690778dd','cccccc','cccccc','男','cccccc','cccccc','1111','cccccc@ss.com','2014-03-02 23:07:43',1),(705,'bbbbbbb1(705|已删除)','92ba0275f3234d3645f58af879162df2','bbbbbbb11','bbbbbbb11','','','','','','2014-03-03 00:04:45',3);

/*Table structure for table `admin_role` */

DROP TABLE IF EXISTS `admin_role`;

CREATE TABLE `admin_role` (
  `user_id` int(11) unsigned NOT NULL DEFAULT '0' COMMENT '用户ID',
  `role_id` int(11) unsigned NOT NULL DEFAULT '0' COMMENT '角色ID',
  PRIMARY KEY (`user_id`,`role_id`),
  KEY `idx_user_id` (`user_id`)
) ENGINE=InnoDB DEFAULT CHARSET=utf8 ROW_FORMAT=COMPACT COMMENT='后台管理用户和角色关系表';

/*Data for the table `admin_role` */

insert  into `admin_role`(`user_id`,`role_id`) values (1,1),(2,1),(12,99),(142,79),(142,84),(142,101),(152,100),(172,67),(216,47),(236,86),(269,94),(271,31),(274,30),(278,48),(299,31),(302,77),(310,37),(311,76),(315,55),(317,53),(321,54),(323,82),(323,84),(328,55),(330,83),(333,31),(338,70),(338,71),(338,72),(339,88),(340,48),(340,116),(342,77),(345,77),(348,87),(352,88),(354,30),(370,41),(371,91),(372,37),(377,54),(382,27),(382,55),(382,112),(386,30),(388,55),(391,85),(392,88),(393,79),(398,48),(400,48),(405,103),(408,53),(409,48),(414,52),(414,111),(415,27),(420,53),(423,41),(426,48),(428,31),(429,31),(430,55),(430,111),(431,41),(432,48),(436,27),(437,53),(437,55),(439,108),(443,27),(446,55),(447,27),(453,49),(456,91),(457,37),(458,21),(459,53),(460,52),(460,111),(465,52),(468,87),(470,81),(473,96),(475,52),(475,111),(477,83),(478,83),(480,88),(485,89),(490,84),(492,83),(493,20),(494,21),(495,109),(496,21),(499,21),(500,21),(501,21),(506,91),(507,53),(507,111),(508,41),(509,104),(510,30),(512,52),(512,111),(513,52),(517,21),(519,83),(520,83),(521,27),(523,89),(524,48),(525,31),(526,30),(527,52),(527,111),(529,91),(531,21),(532,21),(534,31),(536,92),(537,70),(539,21),(541,41),(550,1),(555,1),(555,66),(557,1),(557,65),(557,66),(557,67),(558,1),(558,66),(563,65),(564,83),(565,1),(567,65),(571,91),(575,77),(575,80),(575,81),(576,46),(577,46),(578,46),(579,46),(581,53),(582,77),(582,81),(583,81),(584,77),(584,81),(585,77),(585,81),(586,46),(588,46),(592,48),(593,41),(594,27),(597,41),(598,41),(599,52),(601,54),(603,65),(605,67),(607,66),(608,66),(609,66),(610,68),(611,52),(612,52),(613,41),(614,27),(615,41),(616,54),(617,27),(618,27),(619,41),(620,91),(621,104),(622,92),(623,31),(624,105),(626,105),(628,77),(628,81),(629,21),(630,21),(632,21),(634,31),(635,31),(636,21),(637,27),(638,1),(639,67),(640,106),(642,71),(645,88),(647,88),(648,107),(649,48),(651,103),(652,108),(653,109),(654,41),(655,54),(656,81),(657,81),(658,48),(661,83),(662,77),(662,81),(663,103),(664,27),(665,109),(666,109),(667,21),(667,77),(668,113),(670,21),(671,21),(672,49),(673,109),(674,81),(675,81),(676,54),(677,48),(678,41),(679,54),(681,54),(682,54),(684,104),(686,27),(687,48),(687,116),(688,48),(688,114),(689,48),(691,41),(692,104),(694,41),(695,30),(696,48),(697,27),(698,27),(699,27),(705,85);

/*Table structure for table `module` */

DROP TABLE IF EXISTS `module`;

CREATE TABLE `module` (
  `module_id` int(11) unsigned NOT NULL AUTO_INCREMENT COMMENT '自增id',
  `pid` int(11) unsigned NOT NULL DEFAULT '0' COMMENT '父id',
  `text` varchar(64) NOT NULL DEFAULT '' COMMENT '显示名称',
  `code` varchar(64) NOT NULL DEFAULT '' COMMENT '编码',
  `type` varchar(32) NOT NULL DEFAULT '' COMMENT '模块类型。SYSTEM(子系统)、GROUP(模块组)、MODULE(应用模块)、FUNCTION(操作功能)',
  `url` varchar(255) NOT NULL DEFAULT '' COMMENT '模块URL,必须以“http://”或“/”开头，要么为空串。在url后面可以带“_blank”参数，表示在新的窗口打开；或“_self”参数，表示在当前窗口打开；或不加参数，表示在框架中打开；参数以空格分隔',
  `image` varchar(255) NOT NULL DEFAULT '' COMMENT '模块图标',
  `description` varchar(255) NOT NULL DEFAULT '' COMMENT '描述',
  `expanded` tinyint(3) NOT NULL DEFAULT '1' COMMENT '是否展开',
  `sort` int(11) unsigned NOT NULL DEFAULT '0' COMMENT '排序',
  PRIMARY KEY (`module_id`),
  UNIQUE KEY `uqe_pid_text` (`pid`,`text`),
  UNIQUE KEY `uqe_code` (`code`),
  KEY `idx_sort` (`sort`),
  KEY `idx_text` (`text`)
) ENGINE=InnoDB AUTO_INCREMENT=281 DEFAULT CHARSET=utf8 COMMENT='后台管理系统功能模块表';

/*Data for the table `module` */

insert  into `module`(`module_id`,`pid`,`text`,`code`,`type`,`url`,`image`,`description`,`expanded`,`sort`) values (1,0,'应用支撑系统','10','SYSTEM','','','',1,2),(2,0,'电商管理后台','11','SYSTEM','','','',1,62),(32,1,'系统管理','1013','GROUP','','','',1,132),(33,1,'配置中心','1088','GROUP','','','',1,1241),(37,32,'系统用户','101330','MODULE','/ass/admin/SysAdmin.jspx','WEB-RES/imgs/module_icon_37.jpg','',1,3237),(38,32,'角色权限','101337','MODULE','/ass/admin/SysRole.jspx','','',1,3238),(39,32,'应用模块','101340','MODULE','/ass/admin/SysModule.jspx','','',1,3239),(40,33,'动态枚举','108828','MODULE','/ass/config/SysEnums.jspx','','',1,33250),(41,33,'配置管理','108822','MODULE','/ass/config/SysConfig.jspx','','',1,33249),(80,0,'企业资源计划','12','SYSTEM','','','',1,66),(81,80,'仓库管理','1234','GROUP','','','',1,8081),(95,2,'交易管理','1122','GROUP','','','',1,0),(96,95,'已卖出的商品','112223','MODULE','','','',1,0),(97,2,'商品管理','1117','GROUP','','','',1,0),(98,97,'发布商品','111717','MODULE','/shopmng/product/product-publish.jspx','','',1,0),(99,97,'出售中的商品','111738','MODULE','/shopmng/product/product-manager.jspx','','',1,232),(101,2,'店铺管理','1135','GROUP','','','',1,0),(102,101,'店铺基本设置','113519','MODULE','','','',1,2902),(103,101,'店铺分类管理','113534','MODULE','','','',1,2902),(104,101,'图片空间','113544','MODULE','','','',1,2902),(105,2,'营销中心','1138','GROUP','','','',1,0),(106,105,'促销管理','113814','MODULE','','','',1,2902),(107,105,'数据中心','113823','MODULE','','','',1,2902),(125,95,'评价管理','112233','MODULE','','','',1,95125),(145,80,'采购管理','1255','GROUP','','','',1,80145),(147,80,'物流管理','1258','GROUP','','','',1,80147),(217,97,'品牌与分类','111755','MODULE','/shopmng/product/brand-cate.jspx','','',1,97278),(223,97,'规格与属性','111766','MODULE','/shopmng/product/spec-prop.jspx','','',1,97279),(224,80,'配送管理','1277','GROUP','','','',1,80224),(225,81,'仓库管理','123415','MODULE','','','',1,81225),(226,145,'采购管理','125517','MODULE','','','',1,145226),(227,147,'物流管理','125822','MODULE','','','',1,147227),(228,224,'配送管理','127712','MODULE','','','',1,224228),(229,2,'搜索管理','1164','GROUP','','','',1,2229),(230,229,'索引管理','116413','MODULE','','','',1,229230),(231,229,'分词管理','116429','MODULE','','','',1,229231),(232,1,'调度中心','1095','GROUP','','','',1,1257),(235,1,'控制中心','1061','GROUP','','','',1,1244),(237,235,'dubbo','106114','MODULE','http://122.224.171.132:7090/','','',1,235237),(244,1,'会员中心','1057','GROUP','','','',1,1235),(245,244,'会员管理','105719','MODULE','/ass/user/SysUser.jspx','','',1,244245),(254,1,'监控中心','1096','GROUP','','','',1,1256),(256,1,'工单中心','1037','GROUP','','','',1,1267),(260,2,'帮助中心','1184','GROUP','','','',1,2260),(261,260,'知识库管理','118484','MODULE','','','',1,260261),(274,235,'activemq','106145','MODULE','http://122.224.171.132:8161/admin/','','',1,235274),(277,244,'行政区划','105721','MODULE','/ass/user/SysCity.jspx','','',1,244277),(278,97,'赠品与配件','111743','MODULE','/shopmng/product/gifts-manager.jspx','','',1,97223),(280,33,'缓存管理','108832','MODULE','','','',1,33280);

/*Table structure for table `role` */

DROP TABLE IF EXISTS `role`;

CREATE TABLE `role` (
  `role_id` int(11) unsigned NOT NULL AUTO_INCREMENT COMMENT '角色的自增id',
  `pid` int(11) unsigned NOT NULL DEFAULT '0' COMMENT '角色的父id',
  `name` varchar(64) NOT NULL DEFAULT '' COMMENT '角色名',
  `type` varchar(32) NOT NULL DEFAULT 'ROLE_USER' COMMENT '角色类型：ROLE_ADMIN、ROLE_USER',
  `description` varchar(255) NOT NULL DEFAULT '' COMMENT '描述',
  `sort` int(11) unsigned NOT NULL DEFAULT '0' COMMENT '角色显示顺序，数字越大越靠后',
  `leaf` tinyint(3) NOT NULL DEFAULT '0' COMMENT '是否是叶子节点',
  PRIMARY KEY (`role_id`),
  UNIQUE KEY `uqe_name` (`name`),
  KEY `idx_sort` (`sort`)
) ENGINE=InnoDB AUTO_INCREMENT=141 DEFAULT CHARSET=utf8 COMMENT='后台管理系统用户角色表';

/*Data for the table `role` */

insert  into `role`(`role_id`,`pid`,`name`,`type`,`description`,`sort`,`leaf`) values (1,0,'管理员','ROLE_ADMIN','系统管理',1,1),(15,0,'物流组','ROLE_GROUP','物流部',45,0),(20,15,'发货组长','ROLE_USER','物流部-发货组长',1520,1),(21,15,'发货员','ROLE_USER','物流部-发货员',1521,1),(26,0,'客服部','ROLE_GROUP','客服部',73,0),(27,26,'一线-电话','ROLE_USER','客服部-一线电话组',2627,1),(29,0,'商品部','ROLE_GROUP','商品部',85,0),(30,29,'类目主管','ROLE_USER','商品部-类目主管',2930,1),(31,29,'商品编辑','ROLE_USER','商品部-商品编辑',2931,1),(32,0,'采购部','ROLE_GROUP','采购部',64,0),(37,73,'外协专员','ROLE_USER','外协部-外协专员',3233,1),(41,26,'一线-在线','ROLE_USER','客户部-一线在线组',2641,1),(42,0,'商务部','ROLE_GROUP','商务部',95,0),(44,0,'运营部','ROLE_GROUP','运营部',69,0),(45,0,'加工商','ROLE_GROUP','加工商',98,0),(46,45,'仓库管理员','ROLE_USER','加工商使用库仓库管理员权限',4546,1),(47,44,'运营主管','ROLE_USER','运营主管',4447,1),(48,44,'运营策划','ROLE_USER','运营策划',4448,1),(49,44,'会员营销','ROLE_USER','会员营销',4449,1),(50,44,'会员营销主管','ROLE_USER','会员营销主管',4450,1),(52,26,'一线-审单','ROLE_USER','客服部-一线审单组',2652,1),(53,26,'二线','ROLE_USER','客服部-二线组',2653,1),(54,26,'第三方','ROLE_USER','客服部-第三方组',2654,1),(55,26,'组长','ROLE_USER','客服部-客服组长',2655,1),(57,0,'财务部','ROLE_GROUP','财务部',5657,0),(64,0,'技术部','ROLE_GROUP','技术部',44,0),(65,64,'BI开发','ROLE_USER','研发部-BI组',6465,1),(66,64,'ERP开发','ROLE_USER','研发部-ERP组',6466,1),(67,64,'QA','ROLE_USER','研发部-QA组',6467,1),(68,57,'财务总监','ROLE_USER','',5768,1),(69,0,'产品部','ROLE_GROUP','产品部',142,0),(70,69,'移动端产品经理','ROLE_USER','产品部-移动端',6970,1),(71,69,'ERP产品经理','ROLE_USER','产品部-ERP',6971,1),(72,69,'BI产品经理','ROLE_USER','产品部-BI',6972,1),(73,0,'外协部','ROLE_GROUP','外协部',1215,0),(76,73,'DIY质检组长','ROLE_USER','外协部-DIY质检组长',7376,1),(77,73,'DIY质检专员','ROLE_USER','外协部-DIY质检专员',7377,1),(79,32,'采购部经理','ROLE_USER','采购部-采购部经理',3279,1),(80,15,'收货组长','ROLE_USER','物流部-收货组长',1580,1),(81,15,'QC专员','ROLE_USER','物流部-QC专员',1581,1),(82,15,'单证组长','ROLE_USER','物流部-单证组长',1582,1),(83,15,'单证员','ROLE_USER','物流部-单证员',1583,1),(84,15,'物流经理','ROLE_USER','物流部-物流经理',1584,1),(85,0,'业务助理','ROLE_USER','业务部-业务助理',29,1),(86,29,'商品总监','ROLE_USER','商品部-商品总监',2986,1),(87,42,'市场专员','ROLE_USER','商务部-市场专员',4287,1),(88,42,'商务专员','ROLE_USER','商务部-商务专员',4288,1),(89,42,'团购专员','ROLE_USER','商务部-团购专员',4289,1),(91,32,'采购专员','ROLE_USER','采购部-采购专员',3291,1),(92,32,'采购助理','ROLE_USER','采购部-采购助理',3292,1),(94,42,'商务经理','ROLE_USER','商品部-商务经理',4294,1),(95,0,'市场研究组','ROLE_GROUP','',42,0),(96,95,'市场研究主管','ROLE_USER','市场研究组-市场研究主管',9596,1),(98,0,'总裁办','ROLE_GROUP','',32,0),(99,98,'VP','ROLE_USER','总裁办-副总裁',98100,1),(100,98,'CEO','ROLE_USER','总裁办-CEO',9899,1),(101,98,'CEO助理','ROLE_USER','总裁办-CEO助理',98101,1),(103,57,'财务','ROLE_USER','',57103,1),(104,15,'分仓专属权限','ROLE_USER','物流部-分仓专属权限',15104,1),(105,57,'财务助理','ROLE_USER','',57105,1),(106,95,'市场研究专员','ROLE_USER','市场研究组-市场研究专员',95106,1),(107,26,'售后','ROLE_USER','客服部-售后组',26107,1),(108,44,'会员营销WBT查询','ROLE_USER','',44108,1),(109,44,'非官网运营','ROLE_USER','',44109,1),(111,26,'设计师平台作品审核','ROLE_USER','用于审核设计师平台作品',26111,1),(112,26,'设计师平台组长权限','ROLE_USER','',26112,1),(113,26,'客服经理','ROLE_USER','',26113,1),(114,26,'设计师平台外呼','ROLE_USER','',26114,1),(116,44,'设计师平台运营','ROLE_USER','',44116,1),(139,98,'aaaa','ROLE_USER','aaaa',98139,1),(140,98,'bbb','ROLE_USER','bbb',98140,1);

/*Table structure for table `role_module` */

DROP TABLE IF EXISTS `role_module`;

CREATE TABLE `role_module` (
  `role_id` int(11) unsigned NOT NULL DEFAULT '0' COMMENT '角色ID',
  `module_id` int(11) unsigned NOT NULL DEFAULT '0' COMMENT '模块ID',
  PRIMARY KEY (`role_id`,`module_id`),
  KEY `idx_role_id` (`role_id`)
) ENGINE=InnoDB DEFAULT CHARSET=utf8 ROW_FORMAT=COMPACT COMMENT='后台管理角色和模块关系表';

/*Data for the table `role_module` */

insert  into `role_module`(`role_id`,`module_id`) values (1,1),(1,2),(1,32),(1,33),(1,37),(1,38),(1,39),(1,40),(1,41),(1,80),(1,81),(1,95),(1,96),(1,97),(1,98),(1,99),(1,101),(1,102),(1,103),(1,104),(1,105),(1,106),(1,107),(1,125),(1,145),(1,147),(1,217),(1,223),(1,224),(1,225),(1,226),(1,227),(1,228),(1,229),(1,230),(1,231),(1,232),(1,235),(1,237),(1,244),(1,245),(1,254),(1,256),(1,260),(1,261),(1,274),(1,277),(1,278),(1,280),(15,2),(15,66),(15,69),(15,70),(15,80),(15,81),(15,97),(15,99),(15,113),(15,114),(15,115),(15,130),(15,131),(15,132),(15,133),(15,134),(15,135),(15,136),(15,147),(15,158),(20,2),(20,97),(20,99),(20,101),(20,102),(20,103),(20,104),(21,2),(21,101),(21,102),(21,103),(27,80),(27,113),(27,134),(27,145),(27,154),(30,2),(30,66),(30,67),(30,69),(30,70),(30,80),(30,95),(30,96),(30,113),(30,114),(30,115),(30,125),(30,134),(30,135),(30,145),(30,147),(31,66),(31,67),(31,80),(31,113),(31,114),(31,115),(31,134),(31,145),(31,154),(31,163),(31,164),(32,2),(32,66),(32,69),(32,70),(32,80),(32,81),(32,97),(32,99),(32,113),(32,114),(32,115),(32,130),(32,131),(32,132),(32,133),(32,134),(32,135),(32,136),(32,147),(32,158),(37,2),(37,66),(37,69),(37,70),(37,80),(37,81),(37,95),(37,96),(37,97),(37,99),(41,80),(41,113),(41,134),(41,145),(41,154),(44,2),(44,66),(44,69),(44,70),(44,80),(44,81),(44,97),(44,99),(44,113),(44,114),(44,115),(44,130),(44,131),(44,132),(44,133),(44,134),(44,135),(44,136),(44,147),(44,158),(45,2),(45,66),(45,69),(45,70),(45,80),(45,81),(45,97),(45,99),(45,113),(45,114),(45,115),(45,130),(45,131),(45,132),(45,133),(45,134),(45,135),(45,136),(45,147),(45,158),(46,80),(46,81),(47,84),(47,85),(47,86),(47,87),(47,113),(47,121),(47,126),(47,127),(47,128),(47,129),(47,130),(47,131),(47,134),(47,135),(47,155),(47,156),(48,80),(48,84),(48,85),(48,86),(48,87),(48,113),(48,121),(48,126),(48,130),(48,131),(48,134),(48,147),(48,154),(49,84),(49,85),(49,86),(49,87),(49,113),(49,121),(49,126),(49,127),(49,128),(49,129),(49,134),(49,154),(49,155),(49,156),(50,80),(50,81),(50,84),(50,85),(50,86),(50,87),(50,113),(50,114),(50,115),(50,121),(50,126),(50,127),(50,128),(50,129),(50,134),(50,145),(50,154),(50,155),(50,156),(52,80),(52,113),(52,134),(52,145),(52,154),(53,80),(53,113),(53,134),(53,145),(53,154),(54,80),(54,113),(54,134),(54,145),(54,154),(55,80),(55,113),(55,134),(55,145),(55,154),(64,2),(64,66),(64,69),(64,70),(64,80),(64,81),(64,97),(64,99),(64,113),(64,114),(64,115),(64,130),(64,131),(64,132),(64,133),(64,134),(64,135),(64,136),(64,147),(64,158),(65,84),(65,85),(65,86),(65,87),(65,121),(65,126),(65,127),(65,128),(65,129),(65,155),(65,156),(66,2),(66,66),(66,67),(66,69),(66,70),(66,80),(66,81),(66,95),(66,96),(66,97),(66,98),(66,99),(66,101),(66,102),(66,103),(66,104),(66,105),(66,106),(66,107),(66,113),(66,114),(66,115),(66,125),(66,130),(66,131),(66,132),(66,133),(66,134),(66,136),(66,145),(66,147),(66,154),(66,163),(66,164),(66,165),(66,167),(66,173),(66,176),(66,179),(66,190),(66,191),(66,192),(66,193),(66,194),(66,196),(66,197),(66,198),(66,199),(66,200),(67,2),(67,66),(67,67),(67,69),(67,70),(67,80),(67,81),(67,84),(67,85),(67,86),(67,87),(67,95),(67,96),(67,97),(67,98),(67,99),(67,101),(67,102),(67,103),(67,104),(67,105),(67,106),(67,107),(67,113),(67,114),(67,115),(67,121),(67,125),(67,126),(67,127),(67,128),(67,129),(67,130),(67,131),(67,132),(67,133),(67,134),(67,136),(67,145),(67,147),(67,154),(67,155),(67,156),(67,158),(67,162),(67,180),(67,181),(68,2),(68,66),(68,69),(68,70),(68,80),(68,81),(68,95),(68,97),(68,99),(68,101),(68,103),(68,104),(68,105),(68,107),(68,113),(68,114),(68,115),(68,125),(68,130),(68,132),(68,133),(68,134),(68,135),(68,136),(68,145),(68,147),(69,2),(69,66),(69,69),(69,70),(69,80),(69,81),(69,97),(69,99),(69,113),(69,114),(69,115),(69,130),(69,131),(69,132),(69,133),(69,134),(69,135),(69,136),(69,147),(69,158),(70,84),(70,85),(70,86),(70,87),(70,121),(70,126),(70,127),(70,128),(70,129),(70,155),(70,156),(70,163),(70,164),(70,165),(70,167),(70,173),(70,176),(71,2),(71,66),(71,67),(71,69),(71,70),(71,80),(71,81),(71,84),(71,85),(71,86),(71,87),(71,95),(71,96),(71,97),(71,98),(71,99),(71,101),(71,102),(71,103),(71,104),(71,105),(71,106),(71,107),(71,113),(71,114),(71,115),(71,121),(71,125),(71,126),(71,127),(71,128),(71,129),(71,130),(71,131),(71,132),(71,133),(71,134),(71,136),(71,147),(71,154),(71,155),(71,156),(71,180),(71,181),(72,84),(72,85),(72,86),(72,87),(72,121),(72,126),(72,127),(72,128),(72,129),(72,155),(72,156),(73,2),(73,66),(73,69),(73,70),(73,80),(73,81),(73,97),(73,99),(73,113),(73,114),(73,115),(73,130),(73,131),(73,132),(73,133),(73,134),(73,135),(73,136),(73,147),(73,158),(76,2),(76,95),(76,96),(76,97),(76,99),(76,125),(77,2),(77,95),(77,96),(77,97),(77,99),(77,125),(79,2),(79,66),(79,69),(79,70),(79,80),(79,81),(79,97),(79,99),(79,113),(79,114),(79,115),(79,130),(79,131),(79,132),(79,133),(79,134),(79,135),(79,136),(79,147),(79,154),(79,158),(79,160),(79,162),(79,180),(79,181),(80,80),(80,81),(80,113),(80,134),(80,145),(80,147),(80,154),(81,2),(81,66),(81,69),(81,70),(81,80),(81,81),(81,95),(81,96),(81,97),(81,99),(81,125),(81,145),(81,147),(82,2),(82,80),(82,81),(82,95),(82,96),(82,97),(82,98),(82,99),(82,101),(82,102),(82,103),(82,105),(82,106),(82,107),(82,113),(82,114),(82,115),(82,134),(82,135),(82,145),(82,147),(83,2),(83,80),(83,81),(83,95),(83,96),(83,97),(83,98),(83,99),(83,101),(83,102),(83,103),(83,105),(83,106),(83,107),(83,145),(83,147),(84,2),(84,66),(84,67),(84,69),(84,70),(84,80),(84,81),(84,95),(84,96),(84,97),(84,98),(84,99),(84,101),(84,102),(84,103),(84,104),(84,105),(84,106),(84,107),(84,113),(84,114),(84,115),(84,125),(84,130),(84,131),(84,132),(84,133),(84,134),(84,135),(84,136),(84,145),(84,147),(85,80),(85,81),(86,2),(86,66),(86,67),(86,68),(86,69),(86,70),(86,72),(86,80),(86,84),(86,86),(86,95),(86,96),(86,113),(86,114),(86,115),(86,125),(86,126),(86,130),(86,131),(86,134),(86,135),(86,145),(86,147),(87,80),(87,81),(87,113),(87,114),(87,115),(87,134),(87,154),(88,80),(88,81),(88,113),(88,134),(88,154),(89,80),(89,81),(91,2),(91,66),(91,69),(91,70),(91,80),(91,81),(91,97),(91,99),(91,113),(91,114),(91,115),(91,130),(91,131),(91,132),(91,133),(91,134),(91,135),(91,136),(91,147),(91,154),(91,158),(91,160),(91,162),(91,180),(91,181),(92,2),(92,66),(92,69),(92,70),(92,80),(92,81),(92,97),(92,99),(92,113),(92,114),(92,115),(92,130),(92,131),(92,132),(92,133),(92,134),(92,135),(92,136),(92,147),(92,158),(92,160),(92,162),(92,180),(92,181),(94,80),(94,81),(94,113),(94,134),(94,135),(94,154),(96,80),(96,81),(96,84),(96,85),(96,86),(96,87),(96,113),(96,114),(96,115),(96,121),(96,126),(96,127),(96,128),(96,129),(96,134),(96,145),(96,154),(96,155),(96,156),(99,2),(99,66),(99,67),(99,69),(99,70),(99,80),(99,81),(99,84),(99,85),(99,86),(99,87),(99,95),(99,96),(99,97),(99,98),(99,99),(99,101),(99,102),(99,103),(99,104),(99,105),(99,106),(99,107),(99,113),(99,114),(99,115),(99,121),(99,125),(99,126),(99,127),(99,128),(99,129),(99,130),(99,131),(99,132),(99,133),(99,134),(99,135),(99,136),(99,145),(99,147),(99,154),(99,155),(99,156),(99,158),(100,2),(100,66),(100,69),(100,70),(100,80),(100,81),(100,84),(100,85),(100,86),(100,87),(100,95),(100,96),(100,97),(100,98),(100,99),(100,101),(100,102),(100,103),(100,104),(100,105),(100,106),(100,107),(100,113),(100,121),(100,125),(100,126),(100,127),(100,128),(100,129),(100,134),(100,135),(100,136),(100,147),(100,163),(100,164),(100,165),(100,167),(100,173),(101,66),(101,69),(101,70),(101,80),(101,81),(101,84),(101,85),(101,86),(101,87),(101,113),(101,121),(101,126),(101,127),(101,128),(101,129),(101,134),(101,135),(101,136),(101,147),(103,2),(103,80),(103,81),(103,95),(103,97),(103,99),(103,101),(103,103),(103,104),(103,105),(103,107),(103,113),(103,114),(103,115),(103,125),(103,130),(103,132),(103,133),(103,134),(103,135),(103,136),(103,145),(103,147),(104,80),(104,81),(105,2),(105,97),(105,99),(106,80),(106,81),(106,84),(106,86),(106,113),(106,126),(106,127),(106,128),(106,129),(106,134),(106,145),(106,154),(106,155),(106,156),(107,2),(107,80),(107,97),(107,99),(107,105),(107,106),(107,145),(108,84),(108,85),(108,86),(108,87),(108,121),(108,126),(109,80),(109,81),(111,163),(111,164),(111,190),(111,192),(112,163),(112,164),(112,167),(113,80),(113,113),(113,134),(113,145),(113,154),(113,163),(113,164),(113,167),(114,163),(114,164),(114,167),(114,190),(114,192),(116,163),(116,164),(116,165),(116,167),(116,173),(116,176),(116,179),(116,190),(116,191),(116,192),(116,193),(116,194),(116,195),(116,196),(116,197),(116,198),(116,199),(116,200),(139,1),(139,2),(139,32),(139,33),(139,37),(139,38),(139,39),(139,40),(139,41),(139,95),(139,96),(139,97),(139,98),(139,99),(139,101),(139,102),(139,103),(139,104),(139,105),(139,106),(139,107),(139,125),(139,217),(139,223),(139,229),(139,230),(139,231),(139,232),(139,235),(139,237),(139,244),(139,245),(139,254),(139,256),(139,260),(139,261),(140,1),(140,32),(140,33),(140,37),(140,38),(140,39),(140,40),(140,41),(140,232),(140,235),(140,237),(140,244),(140,245),(140,254),(140,256);

/*Table structure for table `visit_history` */

DROP TABLE IF EXISTS `visit_history`;

CREATE TABLE `visit_history` (
  `user_id` int(11) unsigned NOT NULL AUTO_INCREMENT COMMENT '用户的自增id',
  `last_login_time` datetime NOT NULL DEFAULT '1000-01-01 00:00:00' COMMENT '最后一次登录时间',
  `last_login_ip` varchar(255) NOT NULL DEFAULT '' COMMENT '最后一次登录ip',
  `visit_count` bigint(20) unsigned NOT NULL DEFAULT '0' COMMENT '登录次数',
  PRIMARY KEY (`user_id`)
) ENGINE=InnoDB AUTO_INCREMENT=4 DEFAULT CHARSET=utf8 ROW_FORMAT=COMPACT COMMENT='后台管理系统登录用户表';

/*Data for the table `visit_history` */

insert  into `visit_history`(`user_id`,`last_login_time`,`last_login_ip`,`visit_count`) values (1,'2012-05-28 09:36:08','127.0.0.1',1746),(2,'2012-04-24 11:45:09','',18),(3,'1000-01-01 00:00:00','',0);

/*!40101 SET SQL_MODE=@OLD_SQL_MODE */;
/*!40014 SET FOREIGN_KEY_CHECKS=@OLD_FOREIGN_KEY_CHECKS */;
/*!40014 SET UNIQUE_CHECKS=@OLD_UNIQUE_CHECKS */;
/*!40111 SET SQL_NOTES=@OLD_SQL_NOTES */;
