<?xml version="1.0" encoding="utf-8"?>
<!DOCTYPE urlrewrite PUBLIC "-//tuckey.org//DTD UrlRewrite 3.2//EN"
        "http://tuckey.org/res/dtds/urlrewrite3.2.dtd">

<!--

    Configuration file for UrlRewriteFilter
    http://tuckey.org/urlrewrite/

-->


<urlrewrite>
	
	<!-- 首页地址 -->
	<rule>
        <from>/index.html</from>
        <to type="forward">/Index.jspx</to>
        <!-- <to type="redirect">%{context-path}/Main.jspx?user=$1</to> --> 
    </rule>
    
    <!-- 产品地址 -->
	<rule>
        <from>/product.html</from>
        <to type="forward">/Product.jspx</to> 
    </rule>
    
    <!-- 购物车地址 -->
	<rule>
        <from>/shopcar.html</from>
        <to type="forward">/Shopcar.jspx</to> 
    </rule>
    
	<!-- 购物订单地址 -->
	<rule>
        <from>/shoporder.html</from>
        <to type="forward">/Shoporder.jspx</to> 
    </rule>
    
    <!-- 搜索地址 -->
	<rule>
        <from>/search.html</from>
        <to type="forward">/Search.jspx</to> 
    </rule>
    
    <!-- 登录地址 -->
	<rule>
        <from>/login.html</from>
        <to type="forward">/Login.jspx</to> 
    </rule>
    
    <!-- 注册地址 -->
	<rule>
        <from>/register.html</from>
        <to type="forward">/Register.jspx</to> 
    </rule>

</urlrewrite>


    <!--

    INSTALLATION

        in your web.xml add...

        <filter>
            <filter-name>UrlRewriteFilter</filter-name>
            <filter-class>org.tuckey.web.filters.urlrewrite.UrlRewriteFilter</filter-class>
            <init-param>
                <param-name>logLevel</param-name>
                <param-value>WARN</param-value>
            </init-param>
        </filter>
        <filter-mapping>
            <filter-name>UrlRewriteFilter</filter-name>
            <url-pattern>/*</url-pattern>
        </filter-mapping>

     EXAMPLES

     Redirect one url
        <rule>
            <from>/some/old/page.html</from>
            <to type="redirect">/very/new/page.html</to>
        </rule>

    Redirect a directory
        <rule>
            <from>/some/olddir/(.*)</from>
            <to type="redirect">/very/newdir/$1</to>
        </rule>

    Clean a url
        <rule>
            <from>/products/([0-9]+)</from>
            <to>/products/index.jsp?product_id=$1</to>
        </rule>
    eg, /products/1234 will be passed on to /products/index.jsp?product_id=1234 without the user noticing.

    Browser detection
        <rule>
            <condition name="user-agent">Mozilla/[1-4]</condition>
            <from>/some/page.html</from>
            <to>/some/page-for-old-browsers.html</to>
        </rule>
    eg, will pass the request for /some/page.html on to /some/page-for-old-browsers.html only for older
    browsers whose user agent srtings match Mozilla/1, Mozilla/2, Mozilla/3 or Mozilla/4.

    Centralised browser detection
        <rule>
            <condition name="user-agent">Mozilla/[1-4]</condition>
            <set type="request" name="browser">moz</set>
        </rule>
    eg, all requests will be checked against the condition and if matched
    request.setAttribute("browser", "moz") will be called.

    -->

